Day,Hours
Mon,6.05
Tue,6.716666666666667
Wed,7.166666666666667
Thu,6.15
Fri,8.083333333333334
Sat,6.183333333333334
Sun,6.7
