Day,Hours,uncertain_rate
Tue,6.716666666666667,0.01
Wed,7.166666666666667,0.02
Thu,6.15,0.02
Fri,8.083333333333334,0.03
Sat,6.183333333333334,0.01
Mon,6.05,0.01
Sun,6.7,0.12
